date_heure	date	heure	H_cumul	BAC	Ligne	C1	C2	C3	C4	C5	F1	F2	F3	F4	F5	CD1	CD2	CD3	CD4	CD5	T1	T2	T3	T4	T5	S1	S2	S3	S4	S5
21/1/22 17:00	21/01/2022	17:00	0	1	L1	0	0	0	0	0	NA	NA	NA	NA	NA	2	2	2	2	2	NA	NA	NA	NA	NA	T	T	T	T	T
21/1/22 17:00	21/01/2022	17:00	0	1	L2	0	0	0	0	0	NA	NA	NA	NA	NA	2	2	2	2	2	NA	NA	NA	NA	NA	T	T	T	T	T
21/1/22 17:00	21/01/2022	17:00	0	1	L3	0	0	0	0	0	NA	NA	NA	NA	NA	2	2	2	2	2	NA	NA	NA	NA	NA	T	T	T	T	T
21/1/22 17:00	21/01/2022	17:00	0	1	L4	0	0	0	0	0	NA	NA	NA	NA	NA	2	2	2	2	2	NA	NA	NA	NA	NA	T	T	T	T	T
21/1/22 17:00	21/01/2022	17:00	0	1	T	0	0	0	0	0	NA	NA	NA	NA	NA	2	2	2	2	2	NA	NA	NA	NA	NA	T	T	T	T	T
21/1/22 17:00	21/01/2022	17:00	0	2	L1	0	0	0	0	0	NA	NA	NA	NA	NA	2	2	2	2	2	NA	NA	NA	NA	NA	AR	NA	AR	AR	AR
21/1/22 17:00	21/01/2022	17:00	0	2	L2	0	0	0	0	0	NA	NA	NA	NA	NA	2	2	2	2	2	NA	NA	NA	NA	NA	AR	AR	AR	AR	AR
21/1/22 17:00	21/01/2022	17:00	0	2	L3	0	0	0	0	0	NA	NA	NA	NA	NA	2	2	2	2	2	NA	NA	NA	NA	NA	AR	AR	AR	AR	AR
21/1/22 17:00	21/01/2022	17:00	0	2	L4	0	0	0	0	0	NA	NA	NA	NA	NA	2	2	2	2	2	NA	NA	NA	NA	NA	AR	AR	AR	AR	AR
21/1/22 17:00	21/01/2022	17:00	0	2	T	0	0	0	0	0	NA	NA	NA	NA	NA	2	2	2	2	2	NA	NA	NA	NA	NA	AR	AR	AR	AR	AR
22/1/22 12:00	22/01/2022	12:00	19	1	L1	NA	NA	NA	NA	NA	NA	NA	NA	NA	NA	2	2	2	2	2	NA	NA	NA	NA	NA	T	T	ST	OT	OT
22/1/22 12:00	22/01/2022	12:00	19	1	L2	NA	NA	NA	NA	NA	NA	NA	NA	NA	NA	2	2	2	2	2	NA	NA	NA	NA	NA	T	T	T	T	T
22/1/22 12:00	22/01/2022	12:00	19	1	L3	NA	NA	NA	NA	NA	NA	NA	NA	NA	NA	2	2	2	2	2	NA	NA	NA	NA	NA	ST	T	ST	T	T
22/1/22 12:00	22/01/2022	12:00	19	1	L4	NA	NA	NA	NA	NA	NA	NA	NA	NA	NA	2	2	2	2	2	NA	NA	NA	NA	NA	T	T	T	T	ST
22/1/22 12:00	22/01/2022	12:00	19	1	T	NA	NA	NA	NA	NA	NA	NA	NA	NA	NA	2	2	2	2	2	NA	NA	NA	NA	NA	T	T	T	ST	T
22/1/22 17:30	22/01/2022	17:30	24,5	1	L1	NA	NA	NA	NA	NA	NA	NA	NA	NA	NA	2	2	2	2	2	NA	NA	NA	NA	NA	T	T	ST	OT	OT
22/1/22 17:30	22/01/2022	17:30	24,5	1	L2	NA	NA	NA	NA	NA	NA	NA	NA	NA	NA	2	2	2	2	2	NA	NA	NA	NA	NA	T	OT	T	T	T
22/1/22 17:30	22/01/2022	17:30	24,5	1	L3	NA	NA	NA	NA	NA	NA	NA	NA	NA	NA	2	2	2	2	2	NA	NA	NA	NA	NA	ST	T	ST	T	T
22/1/22 17:30	22/01/2022	17:30	24,5	1	L4	NA	NA	NA	NA	NA	NA	NA	NA	NA	NA	2	2	2	2	2	NA	NA	NA	NA	NA	T	T	T	T	ST
22/1/22 17:30	22/01/2022	17:30	24,5	1	T	NA	NA	NA	NA	NA	NA	NA	NA	NA	NA	2	2	2	2	2	NA	NA	NA	NA	NA	OT	T	T	ST	T
23/1/22 10:00	23/01/2022	10:00	41	1	L1	NA	NA	NA	NA	NA	NA	NA	NA	NA	NA	2	2	2	2	2	NA	NA	NA	NA	NA	ST	T	ST	ST	OT
23/1/22 10:00	23/01/2022	10:00	41	1	L2	NA	NA	NA	NA	NA	NA	NA	NA	NA	NA	2	2	2	2	2	NA	NA	NA	NA	NA	ST	ST	T	AR	T
23/1/22 10:00	23/01/2022	10:00	41	1	L3	NA	NA	NA	NA	NA	NA	NA	NA	NA	NA	2	2	2	2	2	NA	NA	NA	NA	NA	AR	OT	ST	AR	T
23/1/22 10:00	23/01/2022	10:00	41	1	L4	NA	NA	NA	NA	NA	NA	NA	NA	NA	NA	2	2	2	2	2	NA	NA	NA	NA	NA	T	T	OT	AR	OT
23/1/22 10:00	23/01/2022	10:00	41	1	T	NA	NA	NA	NA	NA	NA	NA	NA	NA	NA	2	2	2	2	2	NA	NA	NA	NA	NA	AR	T	ST	AR	OT
23/1/22 17:00	23/01/2022	17:00	48	1	L1	NA	NA	NA	NA	NA	NA	NA	NA	NA	NA	2	2	2	2	2	NA	NA	NA	NA	NA	ST	T	AR	ST	ST
23/1/22 17:00	23/01/2022	17:00	48	1	L2	NA	NA	NA	NA	NA	NA	NA	NA	NA	NA	2	2	2	2	2	NA	NA	NA	NA	NA	ST	ST	T	AR	T
23/1/22 17:00	23/01/2022	17:00	48	1	L3	NA	NA	NA	NA	NA	NA	NA	NA	NA	NA	2	2	2	2	2	NA	NA	NA	NA	NA	AR	ST	ST	AR	T
23/1/22 17:00	23/01/2022	17:00	48	1	L4	NA	NA	NA	NA	NA	NA	NA	NA	NA	NA	2	2	2	2	2	NA	NA	NA	NA	NA	T	T	OT	AR	OT
23/1/22 17:00	23/01/2022	17:00	48	1	T	NA	NA	NA	NA	NA	NA	NA	NA	NA	NA	2	2	2	2	2	NA	NA	NA	NA	NA	ar	T	ST	AR	ST
24/1/22 14:00	24/01/2022	14:00	69	1	L1	NA	NA	NA	NA	NA	NA	NA	NA	NA	NA	2	2	2	2	2	NA	NA	NA	NA	NA	ANC	AR	ST	ST	AR
24/1/22 14:00	24/01/2022	14:00	69	1	L2	NA	NA	NA	NA	NA	NA	NA	NA	NA	NA	2	2	2	2	2	NA	NA	NA	NA	NA	ANC	ANC	AR	ANC	OC
24/1/22 14:00	24/01/2022	14:00	69	1	L3	NA	NA	NA	NA	NA	NA	NA	NA	NA	NA	2	2	2	2	2	NA	NA	NA	NA	NA	ANC	AR	ANC	ANC	AR
24/1/22 14:00	24/01/2022	14:00	69	1	L4	NA	NA	NA	NA	NA	NA	NA	NA	NA	NA	2	2	2	2	2	NA	NA	NA	NA	NA	AR	ST	OT	ANC	ST
24/1/22 14:00	24/01/2022	14:00	69	1	T	NA	NA	NA	NA	NA	NA	NA	NA	NA	NA	2	2	2	2	2	NA	NA	NA	NA	NA	AR	T	OT	AR	AR
24/1/22 17:00	24/01/2022	17:00	72	1	L1	NA	NA	NA	NA	NA	NA	NA	NA	NA	NA	2	2	2	2	2	NA	NA	NA	NA	NA	AR	AR	OT	OT	AR
24/1/22 17:00	24/01/2022	17:00	72	1	L2	NA	NA	NA	NA	NA	NA	NA	NA	NA	NA	2	2	2	2	2	NA	NA	NA	NA	NA	ANC	ANC	AR	ANC	AR
24/1/22 17:00	24/01/2022	17:00	72	1	L3	NA	NA	NA	NA	NA	NA	NA	NA	NA	NA	2	2	2	2	2	NA	NA	NA	NA	NA	ANC	ANC	ANC	ANC	AR
24/1/22 17:00	24/01/2022	17:00	72	1	L4	NA	NA	NA	NA	NA	NA	NA	NA	NA	NA	2	2	2	2	2	NA	NA	NA	NA	NA	AR	AR	OT	ANC	ST
24/1/22 17:00	24/01/2022	17:00	72	1	T	NA	NA	NA	NA	NA	NA	NA	NA	NA	NA	2	2	2	2	2	NA	NA	NA	NA	NA	AR	T	AR	AR	AR
25/1/22 10:00	25/01/2022	10:00	89	1	L1	NA	NA	NA	NA	NA	NA	NA	NA	NA	NA	2	2	2	2	2	NA	NA	NA	NA	NA	ANC	AR	ANC	ANC	AR
25/1/22 10:00	25/01/2022	10:00	89	1	L2	NA	NA	NA	NA	NA	NA	NA	NA	NA	NA	2	2	2	2	2	NA	NA	NA	NA	NA	ANC	ANC	ANC	ANC	AR
25/1/22 10:00	25/01/2022	10:00	89	1	L3	NA	NA	NA	NA	NA	NA	NA	NA	NA	NA	2	2	2	2	2	NA	NA	NA	NA	NA	ANC	ANC	ANC	ANC	AR
25/1/22 10:00	25/01/2022	10:00	89	1	L4	NA	NA	NA	NA	NA	NA	NA	NA	NA	NA	2	2	2	2	2	NA	NA	NA	NA	NA	ANC	ANC	OT	ANC	ANC
25/1/22 10:00	25/01/2022	10:00	89	1	T	NA	NA	NA	NA	NA	NA	NA	NA	NA	NA	2	2	2	2	2	NA	NA	NA	NA	NA	AR	T	ANC	ANC	ANC
25/1/22 17:00	25/01/2022	17:00	96	1	L1	NA	NA	NA	NA	NA	NA	NA	NA	NA	NA	2	2	2	2	2	NA	NA	NA	NA	NA	ANC	AR	ANC	ANC	AR
25/1/22 17:00	25/01/2022	17:00	96	1	L2	NA	NA	NA	NA	NA	NA	NA	NA	NA	NA	2	2	2	2	2	NA	NA	NA	NA	NA	ANC	ANC	ANC	ANC	AR
25/1/22 17:00	25/01/2022	17:00	96	1	L3	NA	NA	NA	NA	NA	NA	NA	NA	NA	NA	2	2	2	2	2	NA	NA	NA	NA	NA	ANC	ANC	ANC	ANC	ANC
25/1/22 17:00	25/01/2022	17:00	96	1	L4	NA	NA	NA	NA	NA	NA	NA	NA	NA	NA	2	2	2	2	2	NA	NA	NA	NA	NA	ANC	ANC	OT	ANC	ANC
25/1/22 17:00	25/01/2022	17:00	96	1	T	NA	NA	NA	NA	NA	NA	NA	NA	NA	NA	2	2	2	2	2	NA	NA	NA	NA	NA	AR	T	ANC	ANC	ANC
26/1/22 15:00	26/01/2022	15:00	118	1	L1	NA	NA	NA	NA	NA	NA	NA	NA	NA	NA	2	2	2	2	2	NA	NA	NA	NA	NA	ANC	ANC	ANC	ANC	ANC
26/1/22 15:00	26/01/2022	15:00	118	1	L2	NA	NA	NA	NA	NA	NA	NA	NA	NA	NA	2	2	2	2	2	NA	NA	NA	NA	NA	ANC	ANC	ANC	ANC	AR
26/1/22 15:00	26/01/2022	15:00	118	1	L3	NA	NA	NA	NA	NA	NA	NA	NA	NA	NA	2	2	2	2	2	NA	NA	NA	NA	NA	ANC	ANC	ANC	ANC	ANC
26/1/22 15:00	26/01/2022	15:00	118	1	L4	NA	NA	NA	NA	NA	NA	NA	NA	NA	NA	2	2	2	2	2	NA	NA	NA	NA	NA	ANC	ANC	ST	ANC	ANC
26/1/22 15:00	26/01/2022	15:00	118	1	T	NA	NA	NA	NA	NA	NA	NA	NA	NA	NA	2	2	2	2	2	NA	NA	NA	NA	NA	ANC	T	ANC	ANC	ANC
27/1/22 15:00	27/01/2022	15:00	142	1	L1	NA	NA	NA	NA	NA	NA	NA	NA	NA	NA	2	2	2	2	2	NA	NA	NA	NA	NA	ANC	ANC	ANC	ANC	ANC
27/1/22 15:00	27/01/2022	15:00	142	1	L2	NA	NA	NA	NA	NA	NA	NA	NA	NA	NA	2	2	2	2	2	NA	NA	NA	NA	NA	ANC	ANC	ANC	ANC	ANC
27/1/22 15:00	27/01/2022	15:00	142	1	L3	NA	NA	NA	NA	NA	NA	NA	NA	NA	NA	2	2	2	2	2	NA	NA	NA	NA	NA	ANC	ANC	ANC	ANC	ANC
27/1/22 15:00	27/01/2022	15:00	142	1	L4	NA	NA	NA	NA	NA	NA	NA	NA	NA	NA	2	2	2	2	2	NA	NA	NA	NA	NA	ANC	ANC	ST	ANC	ANC
27/1/22 15:00	27/01/2022	15:00	142	1	T	NA	NA	NA	NA	NA	NA	NA	NA	NA	NA	2	2	2	2	2	NA	NA	NA	NA	NA	ANC	ST	ANC	ANC	ANC
28/1/22 17:00	28/01/2022	17:00	168	1	L1	NA	NA	NA	NA	NA	NA	NA	NA	NA	NA	2	2	2	2	2	NA	NA	NA	NA	NA	ANC	ANC	D	ANC	ANC
28/1/22 17:00	28/01/2022	17:00	168	1	L2	NA	NA	NA	NA	NA	NA	NA	NA	NA	NA	2	2	2	2	2	NA	NA	NA	NA	NA	ANC	ANC	ANC	ANC	ANC
28/1/22 17:00	28/01/2022	17:00	168	1	L3	NA	NA	NA	NA	NA	NA	NA	NA	NA	NA	2	2	2	2	2	NA	NA	NA	NA	NA	D	ANC	ANC	ANC	ANC
28/1/22 17:00	28/01/2022	17:00	168	1	L4	NA	NA	NA	NA	NA	NA	NA	NA	NA	NA	2	2	2	2	2	NA	NA	NA	NA	NA	ANC	ANC	ST	ANC	ANC
28/1/22 17:00	28/01/2022	17:00	168	1	T	NA	NA	NA	NA	NA	NA	NA	NA	NA	NA	2	2	2	2	2	NA	NA	NA	NA	NA	ANC	AR	ANC	ANC	ANC
31/1/22 9:00	31/01/2022	09:00	232	1	L1	NA	NA	NA	NA	NA	NA	NA	NA	NA	NA	2	2	2	2	2	NA	NA	NA	NA	NA	ANC	D	D	ANC	ANC
31/1/22 9:00	31/01/2022	09:00	232	1	L2	NA	NA	NA	NA	NA	NA	NA	NA	NA	NA	2	2	2	2	2	NA	NA	NA	NA	NA	ANC	ANC	D	ANC	ANC
31/1/22 9:00	31/01/2022	09:00	232	1	L3	NA	NA	NA	NA	NA	NA	NA	NA	NA	NA	2	2	2	2	2	NA	NA	NA	NA	NA	D	D	D	D	ANC
31/1/22 9:00	31/01/2022	09:00	232	1	L4	NA	NA	NA	NA	NA	NA	NA	NA	NA	NA	2	2	2	2	2	NA	NA	NA	NA	NA	D	ANC	ST	D	D
31/1/22 9:00	31/01/2022	09:00	232	1	T	NA	NA	NA	NA	NA	NA	NA	NA	NA	NA	2	2	2	2	2	NA	NA	NA	NA	NA	D	D	D	D	D
22/1/22 12:00	22/01/2022	12:00	19	2	L1	NA	NA	NA	NA	NA	NA	NA	NA	NA	NA	2	2	2	2	2	NA	NA	NA	NA	NA	ANC	NA	ANC	ANC	ANC
22/1/22 12:00	22/01/2022	12:00	19	2	L2	NA	NA	NA	NA	NA	NA	NA	NA	NA	NA	2	2	2	2	2	NA	NA	NA	NA	NA	AR	AR	AR	ANC	AR
22/1/22 12:00	22/01/2022	12:00	19	2	L3	NA	NA	NA	NA	NA	NA	NA	NA	NA	NA	2	2	2	2	2	NA	NA	NA	NA	NA	AR	AR	AR	ANC	ANC
22/1/22 12:00	22/01/2022	12:00	19	2	L4	NA	NA	NA	NA	NA	NA	NA	NA	NA	NA	2	2	2	2	2	NA	NA	NA	NA	NA	ANC	ANC	ANC	ANC	AR
22/1/22 12:00	22/01/2022	12:00	19	2	T	NA	NA	NA	NA	NA	NA	NA	NA	NA	NA	2	2	2	2	2	NA	NA	NA	NA	NA	AR	AR	AR	AR	AR
22/1/22 17:30	22/01/2022	17:30	24,5	2	L1	NA	NA	NA	NA	NA	NA	NA	NA	NA	NA	2	2	2	2	2	NA	NA	NA	NA	NA	ANC	NA	ANC	ANC	ANC
22/1/22 17:30	22/01/2022	17:30	24,5	2	L2	NA	NA	NA	NA	NA	NA	NA	NA	NA	NA	2	2	2	2	2	NA	NA	NA	NA	NA	AR	ANC	ANC	ANC	ANC
22/1/22 17:30	22/01/2022	17:30	24,5	2	L3	NA	NA	NA	NA	NA	NA	NA	NA	NA	NA	2	2	2	2	2	NA	NA	NA	NA	NA	ANC	ANC	ANC	ANC	ANC
22/1/22 17:30	22/01/2022	17:30	24,5	2	L4	NA	NA	NA	NA	NA	NA	NA	NA	NA	NA	2	2	2	2	2	NA	NA	NA	NA	NA	ANC	ANC	ANC	ANC	ANC
22/1/22 17:30	22/01/2022	17:30	24,5	2	T	NA	NA	NA	NA	NA	NA	NA	NA	NA	NA	2	2	2	2	2	NA	NA	NA	NA	NA	ANC	AR	AR	AR	ANC
23/1/22 10:00	23/01/2022	10:00	41	2	L1	NA	NA	NA	NA	NA	NA	NA	NA	NA	NA	2	2	2	2	2	NA	NA	NA	NA	NA	ANC	NA	ANC	ANC	ANC
23/1/22 10:00	23/01/2022	10:00	41	2	L2	NA	NA	NA	NA	NA	NA	NA	NA	NA	NA	2	2	2	2	2	NA	NA	NA	NA	NA	ANC	ANC	ANC	ANC	ANC
23/1/22 10:00	23/01/2022	10:00	41	2	L3	NA	NA	NA	NA	NA	NA	NA	NA	NA	NA	2	2	2	2	2	NA	NA	NA	NA	NA	ANC	ANC	ANC	ANC	ANC
23/1/22 10:00	23/01/2022	10:00	41	2	L4	NA	NA	NA	NA	NA	NA	NA	NA	NA	NA	2	2	2	2	2	NA	NA	NA	NA	NA	ANC	ANC	ANC	ANC	ANC
23/1/22 10:00	23/01/2022	10:00	41	2	T	NA	NA	NA	NA	NA	NA	NA	NA	NA	NA	2	2	2	2	2	NA	NA	NA	NA	NA	ANC	ANC	ANC	AR	ANC
23/1/22 17:00	23/01/2022	17:00	48	2	L1	NA	NA	NA	NA	NA	NA	NA	NA	NA	NA	2	2	2	2	2	NA	NA	NA	NA	NA	ANC	NA	ANC	ANC	ANC
23/1/22 17:00	23/01/2022	17:00	48	2	L2	NA	NA	NA	NA	NA	NA	NA	NA	NA	NA	2	2	2	2	2	NA	NA	NA	NA	NA	ANC	ANC	ANC	ANC	ANC
23/1/22 17:00	23/01/2022	17:00	48	2	L3	NA	NA	NA	NA	NA	NA	NA	NA	NA	NA	2	2	2	2	2	NA	NA	NA	NA	NA	ANC	ANC	ANC	ANC	ANC
23/1/22 17:00	23/01/2022	17:00	48	2	L4	NA	NA	NA	NA	NA	NA	NA	NA	NA	NA	2	2	2	2	2	NA	NA	NA	NA	NA	ANC	ANC	ANC	ANC	ANC
23/1/22 17:00	23/01/2022	17:00	48	2	T	NA	NA	NA	NA	NA	NA	NA	NA	NA	NA	2	2	2	2	2	NA	NA	NA	NA	NA	ANC	ANC	ANC	AR	ANC
24/1/22 14:00	24/01/2022	14:00	69	2	L1	NA	NA	NA	NA	NA	NA	NA	NA	NA	NA	2	2	2	2	2	NA	NA	NA	NA	NA	ANC	NA	ANC	ANC	ANC
24/1/22 14:00	24/01/2022	14:00	69	2	L2	NA	NA	NA	NA	NA	NA	NA	NA	NA	NA	2	2	2	2	2	NA	NA	NA	NA	NA	ANC	ANC	ANC	ANC	ANC
24/1/22 14:00	24/01/2022	14:00	69	2	L3	NA	NA	NA	NA	NA	NA	NA	NA	NA	NA	2	2	2	2	2	NA	NA	NA	NA	NA	ANC	ANC	ANC	ANC	ANC
24/1/22 14:00	24/01/2022	14:00	69	2	L4	NA	NA	NA	NA	NA	NA	NA	NA	NA	NA	2	2	2	2	2	NA	NA	NA	NA	NA	ANC	ANC	ANC	ANC	ANC
24/1/22 14:00	24/01/2022	14:00	69	2	T	NA	NA	NA	NA	NA	NA	NA	NA	NA	NA	2	2	2	2	2	NA	NA	NA	NA	NA	ANC	ANC	ANC	ANC	ANC
24/1/22 17:00	24/01/2022	17:00	72	2	L1	NA	NA	NA	NA	NA	NA	NA	NA	NA	NA	2	2	2	2	2	NA	NA	NA	NA	NA	ANC	NA	ANC	ANC	ANC
24/1/22 17:00	24/01/2022	17:00	72	2	L2	NA	NA	NA	NA	NA	NA	NA	NA	NA	NA	2	2	2	2	2	NA	NA	NA	NA	NA	ANC	ANC	ANC	ANC	ANC
24/1/22 17:00	24/01/2022	17:00	72	2	L3	NA	NA	NA	NA	NA	NA	NA	NA	NA	NA	2	2	2	2	2	NA	NA	NA	NA	NA	ANC	ANC	ANC	ANC	ANC
24/1/22 17:00	24/01/2022	17:00	72	2	L4	NA	NA	NA	NA	NA	NA	NA	NA	NA	NA	2	2	2	2	2	NA	NA	NA	NA	NA	ANC	ANC	ANC	ANC	ANC
24/1/22 17:00	24/01/2022	17:00	72	2	T	NA	NA	NA	NA	NA	NA	NA	NA	NA	NA	2	2	2	2	2	NA	NA	NA	NA	NA	ANC	ANC	ANC	ANC	ANC
25/1/22 10:00	25/01/2022	10:00	89	2	L1	NA	NA	NA	NA	NA	NA	NA	NA	NA	NA	2	2	2	2	2	NA	NA	NA	NA	NA	ANC	NA	ANC	ANC	ANC
25/1/22 10:00	25/01/2022	10:00	89	2	L2	NA	NA	NA	NA	NA	NA	NA	NA	NA	NA	2	2	2	2	2	NA	NA	NA	NA	NA	ANC	ANC	ANC	ANC	ANC
25/1/22 10:00	25/01/2022	10:00	89	2	L3	NA	NA	NA	NA	NA	NA	NA	NA	NA	NA	2	2	2	2	2	NA	NA	NA	NA	NA	ANC	ANC	ANC	ANC	ANC
25/1/22 10:00	25/01/2022	10:00	89	2	L4	NA	NA	NA	NA	NA	NA	NA	NA	NA	NA	2	2	2	2	2	NA	NA	NA	NA	NA	ANC	ANC	D	ANC	ANC
25/1/22 10:00	25/01/2022	10:00	89	2	T	NA	NA	NA	NA	NA	NA	NA	NA	NA	NA	2	2	2	2	2	NA	NA	NA	NA	NA	ANC	ANC	ANC	ANC	ANC
25/1/22 17:00	25/01/2022	17:00	96	2	L1	NA	NA	NA	NA	NA	NA	NA	NA	NA	NA	2	2	2	2	2	NA	NA	NA	NA	NA	ANC	NA	ANC	ANC	ANC
25/1/22 17:00	25/01/2022	17:00	96	2	L2	NA	NA	NA	NA	NA	NA	NA	NA	NA	NA	2	2	2	2	2	NA	NA	NA	NA	NA	ANC	ANC	ANC	D	ANC
25/1/22 17:00	25/01/2022	17:00	96	2	L3	NA	NA	NA	NA	NA	NA	NA	NA	NA	NA	2	2	2	2	2	NA	NA	NA	NA	NA	ANC	ANC	ANC	ANC	ANC
25/1/22 17:00	25/01/2022	17:00	96	2	L4	NA	NA	NA	NA	NA	NA	NA	NA	NA	NA	2	2	2	2	2	NA	NA	NA	NA	NA	ANC	D	D	ANC	ANC
25/1/22 17:00	25/01/2022	17:00	96	2	T	NA	NA	NA	NA	NA	NA	NA	NA	NA	NA	2	2	2	2	2	NA	NA	NA	NA	NA	ANC	ANC	ANC	ANC	ANC
26/1/22 15:00	26/01/2022	15:00	118	2	L1	NA	NA	NA	NA	NA	NA	NA	NA	NA	NA	2	2	2	2	2	NA	NA	NA	NA	NA	ANC	NA	D	D	D
26/1/22 15:00	26/01/2022	15:00	118	2	L2	NA	NA	NA	NA	NA	NA	NA	NA	NA	NA	2	2	2	2	2	NA	NA	NA	NA	NA	ANC	ANC	ANC	D	ANC
26/1/22 15:00	26/01/2022	15:00	118	2	L3	NA	NA	NA	NA	NA	NA	NA	NA	NA	NA	2	2	2	2	2	NA	NA	NA	NA	NA	D	ANC	D	ANC	D
26/1/22 15:00	26/01/2022	15:00	118	2	L4	NA	NA	NA	NA	NA	NA	NA	NA	NA	NA	2	2	2	2	2	NA	NA	NA	NA	NA	D	D	D	D	ANC
26/1/22 15:00	26/01/2022	15:00	118	2	T	NA	NA	NA	NA	NA	NA	NA	NA	NA	NA	2	2	2	2	2	NA	NA	NA	NA	NA	ANC	ANC	ANC	ANC	ANC
27/1/22 15:00	27/01/2022	15:00	142	2	L1	NA	NA	NA	NA	NA	NA	NA	NA	NA	NA	2	2	2	2	2	NA	NA	NA	NA	NA	D	NA	D	D	D
27/1/22 15:00	27/01/2022	15:00	142	2	L2	NA	NA	NA	NA	NA	NA	NA	NA	NA	NA	2	2	2	2	2	NA	NA	NA	NA	NA	D	D	D	D	D
27/1/22 15:00	27/01/2022	15:00	142	2	L3	NA	NA	NA	NA	NA	NA	NA	NA	NA	NA	2	2	2	2	2	NA	NA	NA	NA	NA	D	D	D	D	D
27/1/22 15:00	27/01/2022	15:00	142	2	L4	NA	NA	NA	NA	NA	NA	NA	NA	NA	NA	2	2	2	2	2	NA	NA	NA	NA	NA	D	D	D	D	ANC
27/1/22 15:00	27/01/2022	15:00	142	2	T	NA	NA	NA	NA	NA	NA	NA	NA	NA	NA	2	2	2	2	2	NA	NA	NA	NA	NA	ANC	ANC	D	ANC	ANC
28/1/22 17:00	28/01/2022	17:00	168	2	L1	NA	NA	NA	NA	NA	NA	NA	NA	NA	NA	2	2	2	2	2	NA	NA	NA	NA	NA	D	NA	D	D	D
28/1/22 17:00	28/01/2022	17:00	168	2	L2	NA	NA	NA	NA	NA	NA	NA	NA	NA	NA	2	2	2	2	2	NA	NA	NA	NA	NA	D	D	D	D	D
28/1/22 17:00	28/01/2022	17:00	168	2	L3	NA	NA	NA	NA	NA	NA	NA	NA	NA	NA	2	2	2	2	2	NA	NA	NA	NA	NA	D	D	D	D	D
28/1/22 17:00	28/01/2022	17:00	168	2	L4	NA	NA	NA	NA	NA	NA	NA	NA	NA	NA	2	2	2	2	2	NA	NA	NA	NA	NA	D	D	D	D	D
28/1/22 17:00	28/01/2022	17:00	168	2	T	NA	NA	NA	NA	NA	NA	NA	NA	NA	NA	2	2	2	2	2	NA	NA	NA	NA	NA	D	D	D	D	D
31/1/22 9:00	31/01/2022	09:00	232	2	L1	NA	NA	NA	NA	NA	NA	NA	NA	NA	NA	2	2	2	2	2	NA	NA	NA	NA	NA	D	NA	D	D	D
31/1/22 9:00	31/01/2022	09:00	232	2	L2	NA	NA	NA	NA	NA	NA	NA	NA	NA	NA	2	2	2	2	2	NA	NA	NA	NA	NA	D	D	D	D	D
31/1/22 9:00	31/01/2022	09:00	232	2	L3	NA	NA	NA	NA	NA	NA	NA	NA	NA	NA	2	2	2	2	2	NA	NA	NA	NA	NA	D	D	D	D	D
31/1/22 9:00	31/01/2022	09:00	232	2	L4	NA	NA	NA	NA	NA	NA	NA	NA	NA	NA	2	2	2	2	2	NA	NA	NA	NA	NA	D	D	D	D	D
31/1/22 9:00	31/01/2022	09:00	232	2	T	NA	NA	NA	NA	NA	NA	NA	NA	NA	NA	2	2	2	2	2	NA	NA	NA	NA	NA	D	D	D	D	D
31/1/22 16:00	31/01/2022	16:00	239	1	L1	NA	NA	48	NA	NA	NA	NA	NA	NA	NA	2	2	2	2	2	NA	NA	NA	NA	NA	ANC	ANC	D	ANC	ANC
31/1/22 16:00	31/01/2022	16:00	239	1	L2	NA	43	43	NA	NA	NA	NA	NA	NA	NA	2	2	2	2	2	NA	NA	NA	NA	NA	ANC	D	D	ANC	ANC
31/1/22 16:00	31/01/2022	16:00	239	1	L3	58	NA	63	43	NA	NA	NA	NA	NA	NA	2	2	2	2	2	NA	NA	NA	NA	NA	D	ANC	D	D	ANC
31/1/22 16:00	31/01/2022	16:00	239	1	L4	NA	NA	NA	53	53	NA	NA	NA	NA	NA	2	2	2	2	2	NA	NA	NA	NA	NA	ANC	ANC	ANC	D	D
31/1/22 16:00	31/01/2022	16:00	239	1	T	NA	NA	NA	NA	NA	NA	NA	NA	NA	NA	2	2	2	2	2	NA	NA	NA	NA	NA	ANC	ANC	ANC	ANC	ANC
31/1/22 16:00	31/01/2022	16:00	239	2	L1	68	NA	83	63	83	NA	NA	NA	NA	NA	2	2	2	2	2	NA	NA	NA	NA	NA	D	NA	D	D	D
31/1/22 16:00	31/01/2022	16:00	239	2	L2	68	63	53	83	63	NA	NA	NA	NA	NA	2	2	2	2	2	NA	NA	NA	NA	NA	D	D	D	D	D
31/1/22 16:00	31/01/2022	16:00	239	2	L3	73	53	58	83	58	NA	NA	NA	NA	NA	2	2	2	2	2	NA	NA	NA	NA	NA	D	D	D	D	D
31/1/22 16:00	31/01/2022	16:00	239	2	L4	53	73	73	43	53	NA	NA	NA	NA	NA	2	2	2	2	2	NA	NA	NA	NA	NA	D	D	D	D	D
31/1/22 16:00	31/01/2022	16:00	239	2	T	53	33	68	48	73	NA	NA	NA	NA	NA	2	2	2	2	2	NA	NA	NA	NA	NA	D	D	D	D	D
1/2/22 16:00	01/02/2022	16:00	263	1	L1	NA	43	63	NA	NA	NA	NA	NA	NA	NA	2	2	2	2	2	NA	NA	NA	NA	NA	ANC	D	D	ANC	ANC
1/2/22 16:00	01/02/2022	16:00	263	1	L2	NA	58	43	NA	NA	NA	NA	NA	NA	NA	2	2	2	2	2	NA	NA	NA	NA	NA	ANC	D	D	ANC	ANC
1/2/22 16:00	01/02/2022	16:00	263	1	L3	68	43	78	57	NA	NA	NA	NA	NA	NA	2	2	2	2	2	NA	NA	NA	NA	NA	D	D	D	D	ANC
1/2/22 16:00	01/02/2022	16:00	263	1	L4	NA	NA	NA	63	66	NA	NA	NA	NA	NA	2	2	2	2	2	NA	NA	NA	NA	NA	ANC	ANC	ANC	D	D
1/2/22 16:00	01/02/2022	16:00	263	1	T	NA	NA	NA	49	NA	NA	NA	NA	NA	NA	2	2	2	2	2	NA	NA	NA	NA	NA	ANC	ANC	ANC	D	ANC
1/2/22 16:00	01/02/2022	16:00	263	2	L1	91	NA	100	74	97	NA	NA	NA	NA	NA	2	NA	2	2	2	NA	NA	NA	NA	NA	D	NA	D	D	D
1/2/22 16:00	01/02/2022	16:00	263	2	L2	85	82	63	99	76	NA	NA	NA	NA	NA	2	2	2	2	2	NA	NA	NA	NA	NA	D	D	D	D	D
1/2/22 16:00	01/02/2022	16:00	263	2	L3	88	64	75	97	78	NA	NA	NA	NA	NA	2	2	2	2	2	NA	NA	NA	NA	NA	D	D	D	D	D
1/2/22 16:00	01/02/2022	16:00	263	2	L4	63	85	88	52	67	NA	NA	NA	NA	NA	2	2	2	2	2	NA	NA	NA	NA	NA	D	D	D	D	D
1/2/22 16:00	01/02/2022	16:00	263	2	T	69	43	83	67	101	NA	NA	NA	NA	NA	2	2	2	2	2	NA	NA	NA	NA	NA	D	D	D	D	D
2/2/22 16:00	02/02/2022	16:00	287	1	L1	NA	43	78	NA	NA	NA	NA	NA	NA	NA	2	2	2	2	2	NA	NA	NA	NA	NA	ANC	D	D	ANC	ANC
2/2/22 16:00	02/02/2022	16:00	287	1	L2	NA	64	53	NA	NA	NA	NA	NA	NA	NA	NA	2	2	2	2	NA	NA	NA	NA	NA	ANC	D	D	ANC	ANC
2/2/22 16:00	02/02/2022	16:00	287	1	L3	77	48	87	64	NA	NA	NA	NA	NA	NA	2	2	2	2	2	NA	NA	NA	NA	NA	D	D	D	D	ANC
2/2/22 16:00	02/02/2022	16:00	287	1	L4	39	NA	NA	69	74	NA	NA	NA	NA	NA	2	2	2	2	2	NA	NA	NA	NA	NA	D	ANC	ANC	D	D
2/2/22 16:00	02/02/2022	16:00	287	1	T	45	NA	NA	64	49	NA	NA	NA	NA	NA	2	NA	2	2	2	NA	NA	NA	NA	NA	D	ANC	ANC	D	D
2/2/22 16:00	02/02/2022	16:00	287	2	L1	100	NA	123	81	108	NA	NA	NA	NA	NA	2	NA	2	2	2	NA	NA	NA	NA	NA	D	NA	D	D	D
2/2/22 16:00	02/02/2022	16:00	287	2	L2	99	92	68	112	85	NA	NA	NA	NA	NA	2	2	2	2	2	NA	NA	NA	NA	NA	D	D	D	D	D
2/2/22 16:00	02/02/2022	16:00	287	2	L3	109	77	83	104	88	NA	NA	NA	NA	NA	2	2	2	2	2	NA	NA	NA	NA	NA	D	D	D	D	D
2/2/22 16:00	02/02/2022	16:00	287	2	L4	73	98	99	62	77	NA	NA	NA	NA	NA	2	2	2	2	2	NA	NA	NA	NA	NA	D	D	D	D	D
2/2/22 16:00	02/02/2022	16:00	287	2	T	76	44	98	74	108	NA	NA	NA	NA	NA	2	2	2	2	2	NA	NA	NA	NA	NA	D	D	D	D	D
3/2/22 17:40	03/02/2022	17:40	312,6666667	1	L1	NA	58	87	NA	NA	NA	NA	NA	NA	NA	2	2	2	2	2	1	1	1	1	1	ANC	D	D	ANC	ANC
3/2/22 17:40	03/02/2022	17:40	312,6666667	1	L2	NA	77	59	NA	NA	NA	NA	NA	NA	NA	NA	2	2	2	2	1	1	1	1	1	ANC	D	D	ANC	ANC
3/2/22 17:40	03/02/2022	17:40	312,6666667	1	L3	90	63	103	78	NA	NA	NA	NA	NA	NA	2	2	2	2	2	1	1	1	1	1	D	D	D	D	ANC
3/2/22 17:40	03/02/2022	17:40	312,6666667	1	L4	47	39	38	80	87	NA	NA	NA	NA	NA	2	2	2	2	2	1	1	1	1	1	D	D	D	D	D
3/2/22 17:40	03/02/2022	17:40	312,6666667	1	T	54	NA	48	70	55	NA	NA	NA	NA	NA	2	NA	2	2	2	1	1	1	1	1	D	NA	D	D	D
3/2/22 17:40	03/02/2022	17:40	312,6666667	2	L1	112	NA	133	93	119	NA	NA	NA	NA	NA	2	NA	2	2	2	1	1	1	1	1	D	NA	D	D	D
3/2/22 17:40	03/02/2022	17:40	312,6666667	2	L2	108	103	78	124	93	NA	NA	NA	NA	NA	2	2	2	2	2	1	1	1	1	1	D	D	D	D	D
3/2/22 17:40	03/02/2022	17:40	312,6666667	2	L3	114	92	97	120	98	NA	NA	NA	NA	NA	2	2	2	2	2	1	1	1	1	1	D	D	D	D	D
3/2/22 17:40	03/02/2022	17:40	312,6666667	2	L4	85	113	110	73	93	NA	NA	NA	NA	NA	2	2	2	2	2	1	1	1	1	1	D	D	D	D	D
3/2/22 17:40	03/02/2022	17:40	312,6666667	2	T	93	53	112	89	120	NA	NA	NA	NA	NA	2	2	2	2	2	1	1	1	1	1	D	D	D	D	D
4/2/22 16:00	04/02/2022	16:00	335	1	L1	NA	67	99	NA	NA	NA	NA	NA	NA	NA	2	2	2	2	2	1	1	1	1	1	ANC	D	D	ANC	ANC
4/2/22 16:00	04/02/2022	16:00	335	1	L2	NA	88	69	NA	NA	NA	NA	NA	NA	NA	NA	2	2	2	2	1	1	1	1	1	ANC	D	D	ANC	ANC
4/2/22 16:00	04/02/2022	16:00	335	1	L3	99	64	108	84	44	NA	NA	NA	NA	NA	2	2	2	2	2	1	1	1	1	1	D	D	D	D	D
4/2/22 16:00	04/02/2022	16:00	335	1	L4	54	47	43	87	106	NA	NA	NA	NA	NA	2	2	2	2	2	1	1	1	1	1	D	D	D	D	D
4/2/22 16:00	04/02/2022	16:00	335	1	T	64	NA	56	77	68	NA	NA	NA	NA	NA	2	NA	2	2	2	1	1	1	1	1	D	NA	D	D	D
4/2/22 16:00	04/02/2022	16:00	335	2	L1	119	NA	103	97	78	NA	NA	NA	NA	NA	2	NA	2	2	2	1	1	1	1	1	D	NA	D	D	D
4/2/22 16:00	04/02/2022	16:00	335	2	L2	117	78	63	109	67	NA	NA	NA	NA	NA	2	2	2	2	2	1	1	1	1	1	D	D	D	D	D
4/2/22 16:00	04/02/2022	16:00	335	2	L3	123	98	69	89	82	NA	NA	NA	NA	NA	2	2	2	2	2	1	1	1	1	1	D	D	D	D	D
4/2/22 16:00	04/02/2022	16:00	335	2	L4	92	98	88	79	63	NA	NA	NA	NA	NA	2	2	2	2	2	1	1	1	1	1	D	D	D	D	D
4/2/22 16:00	04/02/2022	16:00	335	2	T	98	63	116	104	127	NA	NA	NA	NA	NA	2	2	2	2	2	1	1	1	1	1	D	D	D	D	D
7/2/22 16:00	07/02/2022	16:00	407	1	L1	68	79	106	46	64	NA	NA	NA	NA	NA	2	2	2	2	2	1	1	1	1	1	D	D	D	D	D
7/2/22 16:00	07/02/2022	16:00	407	1	L2	NA	99	86	58	61	NA	NA	NA	NA	NA	NA	2	2	2	2	1	1	1	1	1	NA	D	D	D	D
7/2/22 16:00	07/02/2022	16:00	407	1	L3	111	79	119	92	66	NA	NA	NA	NA	NA	2	2	2	2	2	1	1	1	1	1	D	D	D	D	D
7/2/22 16:00	07/02/2022	16:00	407	1	L4	74	62	52	112	109	NA	NA	NA	NA	NA	2	2	2	2	2	1	1	1	1	1	D	D	D	D	D
7/2/22 16:00	07/02/2022	16:00	407	1	T	87	NA	82	94	94	NA	NA	NA	NA	NA	2	NA	2	2	2	1	1	1	1	1	D	NA	D	D	D
7/2/22 16:00	07/02/2022	16:00	407	2	L1	124	NA	110	95	99	NA	NA	NA	NA	NA	2	NA	2	2	2	1	1	1	1	1	D	NA	D	D	D
7/2/22 16:00	07/02/2022	16:00	407	2	L2	110	93	90	115	75	NA	NA	NA	NA	NA	2	2	2	2	2	1	1	1	1	1	D	D	D	D	D
7/2/22 16:00	07/02/2022	16:00	407	2	L3	139	96	92	104	99	NA	NA	NA	NA	NA	2	2	2	2	2	1	1	1	1	1	D	D	D	D	D
7/2/22 16:00	07/02/2022	16:00	407	2	L4	95	117	104	75	68	NA	NA	NA	NA	NA	2	2	2	2	2	1	1	1	1	1	D	D	D	D	D
7/2/22 16:00	07/02/2022	16:00	407	2	T	91	72	102	111	126	NA	NA	NA	NA	NA	2	2	2	2	2	1	1	1	1	1	D	D	D	D	D
8/2/22 16:00	08/02/2022	16:00	431	1	L1	75	81	112	49	69	NA	NA	NA	NA	NA	2	2	2	2	2	1	1	1	1	1	D	D	D	D	D
8/2/22 16:00	08/02/2022	16:00	431	1	L2	NA	112	52	64	68	NA	NA	NA	NA	NA	NA	2	2	2	2	1	1	1	1	1	NA	D	D	D	D
8/2/22 16:00	08/02/2022	16:00	431	1	L3	114	80	126	96	67	NA	NA	NA	NA	NA	2	2	2	2	2	1	1	1	1	1	D	D	D	D	D
8/2/22 16:00	08/02/2022	16:00	431	1	L4	86	76	91	134	114	NA	NA	NA	NA	NA	2	2	2	2	2	1	1	1	1	1	D	D	D	D	D
8/2/22 16:00	08/02/2022	16:00	431	1	T	95	NA	92	101	99	NA	NA	NA	NA	NA	2	NA	2	2	2	1	1	1	1	1	D	NA	D	D	D
8/2/22 16:00	08/02/2022	16:00	431	2	L1	131	NA	70	94	59	NA	NA	NA	NA	NA	2	NA	2	2	2	1	1	1	1	1	D	NA	D	D	D
8/2/22 16:00	08/02/2022	16:00	431	2	L2	113	93	92	118	76	NA	NA	NA	NA	NA	2	2	2	2	2	1	1	1	1	1	D	D	D	D	D
8/2/22 16:00	08/02/2022	16:00	431	2	L3	140	104	96	54	99	NA	NA	NA	NA	NA	2	2	2	2	2	1	1	1	1	1	D	D	D	D	D
8/2/22 16:00	08/02/2022	16:00	431	2	L4	94	126	104	78	75	NA	NA	NA	NA	NA	2	2	2	2	2	1	1	1	1	1	D	D	D	D	D
8/2/22 16:00	08/02/2022	16:00	431	2	T	95	71	102	121	138	NA	NA	NA	NA	NA	2	2	2	2	2	1	1	1	1	1	D	D	D	D	D
9/2/22 16:40	09/02/2022	16:40	455,6666667	1	L1	80	92	122	64	81	NA	NA	NA	NA	NA	2	2	2	2	2	1	1	1	1	1	D	D	D	D	D
9/2/22 16:40	09/02/2022	16:40	455,6666667	1	L2	NA	121	105	81	76	NA	NA	NA	NA	NA	NA	2	2	2	2	1	1	3	1	1	NA	D	D	D	D
9/2/22 16:40	09/02/2022	16:40	455,6666667	1	L3	121	81	134	107	76	NA	NA	NA	NA	NA	2	2	2	2	2	3	3	1	1	1	D	D	D	D	D
9/2/22 16:40	09/02/2022	16:40	455,6666667	1	L4	85	82	64	139	65	NA	NA	NA	NA	NA	2	2	2	2	2	1	3	1	1	3	D	D	D	D	D
9/2/22 16:40	09/02/2022	16:40	455,6666667	1	T	105	NA	92	99	106	NA	NA	NA	NA	NA	2	NA	2	2	2	1	1	1	3	1	D	NA	D	D	D
9/2/22 16:40	09/02/2022	16:40	455,6666667	2	L1	134	NA	76	100	61	NA	NA	NA	NA	NA	2	NA	2	2	2	1	1	3	3	3	D	NA	D	D	D
9/2/22 16:40	09/02/2022	16:40	455,6666667	2	L2	115	52	95	122	45	NA	NA	NA	NA	NA	2	2	2	2	2	1	3	3	3	3	D	D	D	D	D
9/2/22 16:40	09/02/2022	16:40	455,6666667	2	L3	149	122	101	60	97	NA	NA	NA	NA	NA	2	2	2	2	2	1	3	1	3	1	D	D	D	D	D
9/2/22 16:40	09/02/2022	16:40	455,6666667	2	L4	100	134	107	74	52	NA	NA	NA	NA	NA	2	2	2	2	2	3	3	1	3	3	D	D	D	D	D
9/2/22 16:40	09/02/2022	16:40	455,6666667	2	T	110	74	50	126	141	NA	NA	NA	NA	NA	2	2	2	2	2	3	1	3	1	1	D	D	D	D	D
10/2/22 16:00	10/02/2022	16:00	479	1	L1	94	99	135	70	91	NA	NA	NA	NA	NA	2	2	2	2	2	1	1	1	1	1	D	D	D	D	D
10/2/22 16:00	10/02/2022	16:00	479	1	L2	NA	129	105	85	83	NA	NA	NA	NA	NA	NA	2	2	2	2	1	1	3	1	1	NA	D	D	D	D
10/2/22 16:00	10/02/2022	16:00	479	1	L3	121	84	138	112	81	NA	NA	NA	NA	NA	2	2	2	2	2	3	3	1	1	1	D	D	D	D	D
10/2/22 16:00	10/02/2022	16:00	479	1	L4	92	91	66	146	131	NA	NA	NA	NA	NA	2	2	2	2	2	1	3	1	1	3	D	D	D	D	D
10/2/22 16:00	10/02/2022	16:00	479	1	T	114	NA	101	105	114	NA	NA	NA	NA	NA	2	NA	2	2	2	1	1	1	3	1	D	NA	D	D	D
10/2/22 16:00	10/02/2022	16:00	479	2	L1	139	NA	75	101	56	NA	NA	NA	NA	NA	2	NA	2	2	2	1	1	3	3	3	D	NA	D	D	D
10/2/22 16:00	10/02/2022	16:00	479	2	L2	121	55	100	124	45	NA	NA	NA	NA	NA	2	2	2	2	2	1	3	3	3	3	D	D	D	D	D
10/2/22 16:00	10/02/2022	16:00	479	2	L3	151	116	106	61	106	NA	NA	NA	NA	NA	2	2	2	2	2	1	3	1	3	1	D	D	D	D	D
10/2/22 16:00	10/02/2022	16:00	479	2	L4	104	136	108	74	54	NA	NA	NA	NA	NA	2	2	2	2	2	3	3	1	3	3	D	D	D	D	D
10/2/22 16:00	10/02/2022	16:00	479	2	T	109	75	52	131	131	NA	NA	NA	NA	NA	2	2	2	2	2	3	1	3	1	1	D	D	D	D	D
11/2/22 16:00	11/02/2022	16:00	503	1	L1	98	103	142	73	97	2	4	4	2	2	2	2	2	2	2	1	1	1	1	1	D	D	D	D	D
11/2/22 16:00	11/02/2022	16:00	503	1	L2	NA	133	109	89	91	NA	4	6	2	4	NA	2	2	2	2	1	1	3	1	1	NA	D	D	D	D
11/2/22 16:00	11/02/2022	16:00	503	1	L3	132	84	144	116	85	8	0	4	4	2	2	2	2	2	2	3	3	1	1	1	D	D	D	D	D
11/2/22 16:00	11/02/2022	16:00	503	1	L4	99	99	72	151	136	4	4	2	4	4	2	2	2	2	2	1	3	1	1	3	D	D	D	D	D
11/2/22 16:00	11/02/2022	16:00	503	1	T	118	NA	106	111	121	4	NA	4	1	4	2	NA	2	2	2	1	1	1	3	1	D	NA	D	D	D
11/2/22 16:00	11/02/2022	16:00	503	2	L1	144	NA	79	102	63	2	NA	2	5	4	2	NA	2	2	2	1	1	3	3	3	D	NA	D	D	D
11/2/22 16:00	11/02/2022	16:00	503	2	L2	122	55	101	124	43	5	4	4	6	2	2	2	2	2	2	1	3	3	3	3	D	D	D	D	D
11/2/22 16:00	11/02/2022	16:00	503	2	L3	156	116	109	64	106	3	2	2	4	2	2	2	2	2	2	1	3	1	3	1	D	D	D	D	D
11/2/22 16:00	11/02/2022	16:00	503	2	L4	104	138	110	74	54	2	6	2	0	2	2	2	2	2	2	3	3	1	3	3	D	D	D	D	D
11/2/22 16:00	11/02/2022	16:00	503	2	T	111	75	52	136	153	3	2	3	2	2	2	2	2	2	2	3	1	3	1	1	D	D	D	D	D
14/2/22 16:00	14/02/2022	16:00	575	1	L1	130	124	156	95	132	2	4	4	2	4	2	2	2	2	2	1	1	1	1	1	D	D	D	D	D
14/2/22 16:00	14/02/2022	16:00	575	1	L2	NA	151	121	115	116	NA	4	6	2	4	NA	2	2	2	2	1	1	3	1	1	NA	D	D	D	D
14/2/22 16:00	14/02/2022	16:00	575	1	L3	141	84	161	127	94	8	0	4	2	2	2	2	2	2	2	3	3	1	1	1	D	D	D	D	D
14/2/22 16:00	14/02/2022	16:00	575	1	L4	119	116	89	174	148	4	4	2	4	4	2	2	2	2	2	1	3	1	1	3	D	D	D	D	D
14/2/22 16:00	14/02/2022	16:00	575	1	T	139	NA	121	120	138	4	NA	4	1	4	2	NA	2	2	2	1	1	1	3	1	D	NA	D	D	D
14/2/22 16:00	14/02/2022	16:00	575	2	L1	161	NA	88	109	71	2	NA	2	5	4	2	NA	2	2	2	1	1	3	3	3	D	NA	D	D	D
14/2/22 16:00	14/02/2022	16:00	575	2	L2	131	59	111	125	51	5	4	4	6	2	2	2	2	2	2	1	3	3	3	3	D	D	D	D	D
14/2/22 16:00	14/02/2022	16:00	575	2	L3	172	124	114	71	104	3	4	4	4	2	2	2	2	2	2	1	3	1	3	1	D	D	D	D	D
14/2/22 16:00	14/02/2022	16:00	575	2	L4	109	148	114	76	59	4	6	2	0	2	2	2	2	2	2	3	3	1	3	3	D	D	D	D	D
14/2/22 16:00	14/02/2022	16:00	575	2	T	120	35	56	148	157	3	2	3	3	2	2	2	2	2	2	3	1	3	1	1	D	D	D	D	D
15/2/22 16:00	15/02/2022	16:00	599	1	L1	134	126	163	97	138	4	4	3	4	4	2	2	2	2	2	1	1	1	1	1	D	D	D	D	D
15/2/22 16:00	15/02/2022	16:00	599	1	L2	NA	153	122	117	120	NA	4	6	4	4	NA	2	2	2	2	1	1	3	1	1	NA	D	D	D	D
15/2/22 16:00	15/02/2022	16:00	599	1	L3	145	84	163	126	96	8	0	4	2	2	2	2	2	2	2	3	3	1	1	1	D	D	D	D	D
15/2/22 16:00	15/02/2022	16:00	599	1	L4	124	119	90	175	151	4	4	2	4	4	2	2	2	2	2	1	3	1	1	3	D	D	D	D	D
15/2/22 16:00	15/02/2022	16:00	599	1	T	114	NA	126	126	141	4	NA	4	1	4	2	NA	2	2	2	1	1	1	3	1	D	NA	D	D	D
15/2/22 16:00	15/02/2022	16:00	599	2	L1	167	NA	90	114	73	2	NA	4	7	4	2	NA	2	2	2	1	1	3	3	3	D	NA	D	D	D
15/2/22 16:00	15/02/2022	16:00	599	2	L2	131	61	114	126	53	5	4	4	8	4	2	2	2	2	2	1	3	3	3	3	D	D	D	D	D
15/2/22 16:00	15/02/2022	16:00	599	2	L3	176	126	115	100	109	7	6	6	6	2	2	2	2	2	2	1	3	1	3	1	D	D	D	D	D
15/2/22 16:00	15/02/2022	16:00	599	2	L4	108	148	114	79	60	4	6	4	0	4	2	2	2	2	2	3	3	1	3	3	D	D	D	D	D
15/2/22 16:00	15/02/2022	16:00	599	2	T	121	34	59	149	161	3	2	3	3	2	2	2	2	2	2	3	1	3	1	1	D	D	D	D	D
16/2/22 16:00	16/02/2022	16:00	623	1	L1	143	129	166	101	139	4	4	7	4	4	2	2	2	2	2	1	1	1	1	1	D	D	D	D	D
16/2/22 16:00	16/02/2022	16:00	623	1	L2	NA	160	122	123	122	NA	4	6	4	4	NA	2	2	2	2	1	1	3	1	1	NA	D	D	D	D
16/2/22 16:00	16/02/2022	16:00	623	1	L3	148	59	171	136	101	8	4	6	2	2	2	2	2	2	2	3	3	1	1	1	D	D	D	D	D
16/2/22 16:00	16/02/2022	16:00	623	1	L4	130	124	96	177	153	6	6	4	5	9	2	2	2	2	2	1	3	1	1	3	D	D	D	D	D
16/2/22 16:00	16/02/2022	16:00	623	1	T	151	NA	131	133	147	4	NA	4	3	4	2	NA	2	2	2	1	1	1	3	1	D	NA	D	D	D
16/2/22 16:00	16/02/2022	16:00	623	2	L1	174	NA	93	116	71	4	NA	6	7	6	2	NA	2	2	2	1	1	3	3	3	D	NA	D	D	D
16/2/22 16:00	16/02/2022	16:00	623	2	L2	137	62	116	126	54	7	4	8	8	4	2	2	2	2	2	1	3	3	3	3	D	D	D	D	D
16/2/22 16:00	16/02/2022	16:00	623	2	L3	185	129	117	72	111	7	8	6	8	2	2	2	2	2	2	1	3	1	3	1	D	D	D	D	D
16/2/22 16:00	16/02/2022	16:00	623	2	L4	110	149	116	46	62	6	6	4	4	4	2	2	2	2	2	3	3	1	3	3	D	D	D	D	D
16/2/22 16:00	16/02/2022	16:00	623	2	T	121	41	57	154	159	3	4	3	4	2	2	2	2	2	2	3	1	3	1	1	D	D	D	D	D
18/2/22 16:00	18/02/2022	16:00	671	1	L1	154	141	182	111	156	4	4	7	4	4	2	2	2	2	2	1	1	1	1	1	D	D	D	D	D
18/2/22 16:00	18/02/2022	16:00	671	1	L2	NA	172	134	134	130	NA	6	8	4	4	NA	2	2	2	2	1	1	3	1	1	NA	D	D	D	D
18/2/22 16:00	18/02/2022	16:00	671	1	L3	159	71	186	136	106	10	4	4	4	4	2	2	2	2	2	3	3	1	1	1	D	D	D	D	D
18/2/22 16:00	18/02/2022	16:00	671	1	L4	146	134	109	192	167	6	8	4	4	10	2	2	2	2	2	1	3	1	1	3	D	D	D	D	D
18/2/22 16:00	18/02/2022	16:00	671	1	T	169	NA	141	139	154	4	NA	4	5	4	2	NA	2	2	2	1	1	1	3	1	D	NA	D	D	D
18/2/22 16:00	18/02/2022	16:00	671	2	L1	191	NA	101	122	75	4	NA	4	7	6	2	NA	2	2	2	1	1	3	3	3	D	NA	D	D	D
18/2/22 16:00	18/02/2022	16:00	671	2	L2	145	72	127	132	62	7	4	10	8	4	0	2	2	0	2	1	3	3	3	3	D	D	D	D	D
18/2/22 16:00	18/02/2022	16:00	671	2	L3	194	136	127	105	114	7	8	6	10	2	2	2	2	2	2	1	3	1	3	1	D	D	D	D	D
18/2/22 16:00	18/02/2022	16:00	671	2	L4	114	151	119	54	69	6	6	4	4	4	2	2	2	2	2	3	3	1	3	3	D	D	D	D	D
18/2/22 16:00	18/02/2022	16:00	671	2	T	132	46	54	160	161	6	4	4	4	2	2	2	2	2	2	3	1	3	1	1	D	D	D	D	D
21/2/22 16:00	21/02/2022	16:00	743	1	L1	177	158	204	121	173	4	6	9	4	4	2	2	2	2	2	1	1	1	1	1	D	D	D	D	D
21/2/22 16:00	21/02/2022	16:00	743	1	L2	NA	194	148	156	151	NA	6	10	4	6	NA	2	2	2	2	1	1	3	1	1	NA	D	D	D	D
21/2/22 16:00	21/02/2022	16:00	743	1	L3	178	86	208	149	178	14	4	8	5	4	2	2	2	2	2	3	3	1	1	1	D	D	D	D	D
21/2/22 16:00	21/02/2022	16:00	743	1	L4	168	144	116	222	178	8	10	4	7	10	2	2	2	2	2	1	3	1	1	3	D	D	D	D	D
21/2/22 16:00	21/02/2022	16:00	743	1	T	191	NA	154	148	171	4	NA	4	11	6	2	NA	2	2	2	1	1	1	3	1	D	NA	D	D	D
21/2/22 16:00	21/02/2022	16:00	743	2	L1	208	NA	110	128	89	4	NA	6	9	7	2	NA	2	2	2	1	1	3	3	3	D	NA	D	D	D
21/2/22 16:00	21/02/2022	16:00	743	2	L2	165	69	134	141	64	9	4	9	12	4	2	2	2	2	2	1	3	3	3	3	D	D	D	D	D
21/2/22 16:00	21/02/2022	16:00	743	2	L3	208	141	139	102	120	4	8	6	8	2	2	2	2	2	2	1	3	1	3	1	D	D	D	D	D
21/2/22 16:00	21/02/2022	16:00	743	2	L4	119	161	123	52	73	8	6	6	4	4	2	2	2	2	2	3	3	1	3	3	D	D	D	D	D
21/2/22 16:00	21/02/2022	16:00	743	2	T	140	51	61	173	170	6	4	4	4	2	2	2	2	2	2	3	1	3	1	1	D	D	D	D	D
22/2/22 16:00	22/02/2022	16:00	767	1	L1	177	165	206	134	181	4	6	9	4	4	2	2	2	2	2	1	1	1	1	1	D	D	D	D	D
22/2/22 16:00	22/02/2022	16:00	767	1	L2	NA	199	155	156	154	NA	6	10	4	6	NA	2	2	2	2	1	1	3	1	1	NA	D	D	D	D
22/2/22 16:00	22/02/2022	16:00	767	1	L3	182	91	209	150	120	12	4	8	4	4	2	2	2	2	2	3	3	1	1	1	D	D	D	D	D
22/2/22 16:00	22/02/2022	16:00	767	1	L4	171	149	116	224	182	8	10	4	7	12	2	2	2	0	2	1	3	1	1	3	D	D	D	D	D
22/2/22 16:00	22/02/2022	16:00	767	1	T	195	NA	159	142	176	4	NA	4	10	6	2	NA	2	2	2	1	1	1	3	1	D	NA	D	D	D
22/2/22 16:00	22/02/2022	16:00	767	2	L1	222	NA	113	129	91	4	NA	6	9	7	2	NA	1	2	2	1	1	3	3	3	D	NA	D	D	D
22/2/22 16:00	22/02/2022	16:00	767	2	L2	166	69	136	137	67	9	4	9	12	4	0	2	2	0	2	1	3	3	3	3	D	D	D	D	D
22/2/22 16:00	22/02/2022	16:00	767	2	L3	128	148	144	112	123	7	8	6	7	2	0	1	2	2	2	1	3	1	3	1	D	D	D	D	D
22/2/22 16:00	22/02/2022	16:00	767	2	L4	119	159	125	52	79	8	6	4	4	4	2	1	2	2	2	3	3	1	3	3	D	D	D	D	D
22/2/22 16:00	22/02/2022	16:00	767	2	T	144	79	76	175	176	4	6	4	4	2	2	2	2	2	2	3	1	3	1	1	D	D	D	D	D
25/2/22 13:00	25/02/2022	13:00	836	1	L1	206	180	219	144	200	4	6	8	4	6	2	2	2	2	2	1	1	1	1	1	D	D	D	D	D
25/2/22 13:00	25/02/2022	13:00	836	1	L2	NA	216	172	175	174	NA	6	10	6	6	NA	2	2	2	2	1	1	3	1	1	NA	D	D	D	D
25/2/22 13:00	25/02/2022	13:00	836	1	L3	191	105	235	164	137	14	8	15	4	4	2	2	2	2	2	3	3	1	1	1	D	D	D	D	D
25/2/22 13:00	25/02/2022	13:00	836	1	L4	183	166	128	241	192	14	10	4	6	16	2	2	2	0	2	1	3	1	1	3	D	D	D	D	D
25/2/22 13:00	25/02/2022	13:00	836	1	T	206	NA	172	154	187	6	NA	6	10	6	2	NA	2	2	2	1	1	1	3	1	D	NA	D	D	D
25/2/22 13:00	25/02/2022	13:00	836	2	L1	227	NA	123	134	104	12	NA	6	11	7	2	NA	2	0	2	1	1	3	3	3	D	NA	D	D	D
25/2/22 13:00	25/02/2022	13:00	836	2	L2	183	76	147	144	75	9	4	9	16	6	0	0	2	0	2	1	3	3	3	3	D	D	D	D	D
25/2/22 13:00	25/02/2022	13:00	836	2	L3	226	160	155	110	125	9	8	6	9	4	0	1	0	0	0	1	3	1	3	1	D	D	D	D	D
25/2/22 13:00	25/02/2022	13:00	836	2	L4	122	166	133	51	88	8	6	6	4	6	2	0	2	2	2	3	3	1	3	3	D	D	D	D	D
25/2/22 13:00	25/02/2022	13:00	836	2	T	151	81	70	182	175	6	6	6	4	4	2	2	2	0	2	3	1	3	1	1	D	D	D	D	D
28/2/22 16:00	28/02/2022	16:00	911	1	L1	228	195	239	160	214	4	8	8	6	6	2	1	2	2	2	1	1	1	1	1	D	D	D	D	D
28/2/22 16:00	28/02/2022	16:00	911	1	L2	NA	236	186	193	190	NA	6	10	6	6	NA	2	0	2	2	1	1	3	1	1	NA	D	D	D	D
28/2/22 16:00	28/02/2022	16:00	911	1	L3	211	115	259	180	153	16	8	13	4	6	2	2	2	1	0	3	3	1	1	1	D	D	D	D	D
28/2/22 16:00	28/02/2022	16:00	911	1	L4	205	184	135	264	213	13	10	4	8	21	0	2	1	0	2	1	3	1	1	3	D	D	D	D	D
28/2/22 16:00	28/02/2022	16:00	911	1	T	222	NA	181	172	195	10	NA	6	12	10	2	NA	2	2	2	1	1	1	3	1	D	NA	D	D	D
28/2/22 16:00	28/02/2022	16:00	911	2	L1	254	NA	140	147	126	12	NA	8	12	13	2	NA	0	0	1	1	1	3	3	3	D	NA	D	D	D
28/2/22 16:00	28/02/2022	16:00	911	2	L2	209	82	165	145	87	11	6	11	16	7	0	0	1	0	2	1	3	3	3	3	D	D	D	D	D
28/2/22 16:00	28/02/2022	16:00	911	2	L3	252	171	169	115	132	11	8	6	13	4	0	0	0	0	0	1	3	1	3	1	D	D	D	D	D
28/2/22 16:00	28/02/2022	16:00	911	2	L4	132	177	142	63	104	8	8	8	6	6	0	0	1	1	2	3	3	1	3	3	D	D	D	D	D
28/2/22 16:00	28/02/2022	16:00	911	2	T	159	82	84	195	179	9	6	7	4	4	2	2	0	0	1	3	1	3	1	1	D	D	D	D	D
